{
  "assetsByChunkName": {
    "vendors~app-account~app-confirmation~app-order": "chunk.ddf890fa251bde7f5c66.js",
    "vendors~app-account~app-checkout": "chunk.7e48f6c69bf0aaf9cd3e.js",
    "vendors~app-cart~app-checkout": "chunk.5683326940b248af6f9d.js",
    "admin": [
      "admin.ffcf5c829e64f0d9d735.js",
      "admin.ffcf5c829e64f0d9d735.js.map"
    ],
    "app-account": "chunk.9645d940a5f120f74e98.js",
    "app-confirmation": "chunk.eabf4b49d660c97c9e55.js",
    "app-order": "chunk.f663e22a1d807977fdf2.js",
    "checkout": [
      "checkout.b204b8f1d1f9d9e0fd6e.js",
      "checkout.b204b8f1d1f9d9e0fd6e.js.map"
    ],
    "storefront": [
      "storefront.8752b17e4010732d778c.css",
      "storefront.6f232ac18673767663d9.js",
      "storefront.8752b17e4010732d778c.css.map",
      "storefront.6f232ac18673767663d9.js.map"
    ],
    "vendors~app-cart": "chunk.59181443ed4f6ea72205.js",
    "vendors~app-checkout": "chunk.5c0656b1177b2ce04a47.js"
  }
}